{
  "model_name": "AutoRegressiveEncoderDecoderGruBased.pth",
  "epoch": 8,
  "val_metrics": {
    "overall_rmsle": 0.4466029405593872,
    "overall_r2": 0.8066331148147583,
    "overall_mae": 136.98194885253906,
    "overall_rmse": 575.0131225585938,
    "public_rmsle": 0.4521007537841797,
    "public_r2": 0.8155003786087036,
    "public_mae": 133.74407958984375,
    "private_rmsle": 0.4440814256668091,
    "private_r2": 0.803348183631897,
    "private_mae": 138.45372009277344,
    "mean_prediction": 429.7449951171875,
    "mean_target": 482.7725830078125,
    "std_prediction": 1027.884033203125,
    "std_target": 1307.635498046875,
    "per_day_rmsle": [
      0.4757901430130005,
      0.43373146653175354,
      0.43868136405944824,
      0.439118355512619,
      0.47139158844947815,
      0.4855146110057831,
      0.44246992468833923,
      0.4698645770549774,
      0.4497866928577423,
      0.41678115725517273,
      0.4537521302700043,
      0.42464688420295715,
      0.46384716033935547,
      0.43133142590522766,
      0.4317319691181183,
      0.4088895618915558
    ]
  },
  "hyperparams": {
    "model_type": "AutoRegressiveEncoderDecoderGruBased",
    "timesteps": 200,
    "latent_dim": 100,
    "dropout": 0.3,
    "batch_size": 32,
    "lr": 0.001
  },
  "timestamp": "20250720_081828"
}
