{
  "model_name": "TemporalCnn.pth",
  "epoch": 4,
  "val_metrics": {
    "overall_rmsle": 0.5184586048126221,
    "overall_r2": 0.8532480001449585,
    "overall_mae": 137.73529052734375,
    "overall_rmse": 500.9319763183594,
    "public_rmsle": 0.5132837891578674,
    "public_r2": 0.8385845422744751,
    "public_mae": 135.83987426757812,
    "private_rmsle": 0.5207937359809875,
    "private_r2": 0.8584624528884888,
    "private_mae": 138.5968475341797,
    "mean_prediction": 442.84710693359375,
    "mean_target": 482.7725830078125,
    "std_prediction": 1097.590576171875,
    "std_target": 1307.635498046875,
    "per_day_rmsle": [
      0.521918535232544,
      0.4731080234050751,
      0.4631956219673157,
      0.4774382412433624,
      0.6152832508087158,
      0.589621901512146,
      0.5092355608940125,
      0.45467251539230347,
      0.4725401997566223,
      0.44621703028678894,
      0.5067518949508667,
      0.6233962774276733,
      0.5854758620262146,
      0.5179718136787415,
      0.5162678956985474,
      0.47365811467170715
    ]
  },
  "hyperparams": {
    "model_type": "TemporalCnn",
    "timesteps": 200,
    "latent_dim": 64,
    "dropout": 0.2,
    "batch_size": 64,
    "lr": 0.003
  },
  "timestamp": "20250720_062943"
}