{
  "model_name": "OneShotLstmBased.pth",
  "epoch": 14,
  "val_metrics": {
    "overall_rmsle": 0.512391984462738,
    "overall_r2": 0.8236671090126038,
    "overall_mae": 153.2620849609375,
    "overall_rmse": 549.1024169921875,
    "public_rmsle": 0.5145084857940674,
    "public_r2": 0.8085089921951294,
    "public_mae": 148.49057006835938,
    "private_rmsle": 0.5114270448684692,
    "private_r2": 0.8290460109710693,
    "private_mae": 155.43096923828125,
    "mean_prediction": 479.0604248046875,
    "mean_target": 482.7725830078125,
    "std_prediction": 1223.8731689453125,
    "std_target": 1307.635498046875,
    "per_day_rmsle": [
      0.5757649540901184,
      0.4764780104160309,
      0.4740353226661682,
      0.47074660658836365,
      0.5645761489868164,
      0.5126336216926575,
      0.5791512727737427,
      0.4739879071712494,
      0.4480353891849518,
      0.44301480054855347,
      0.4733465313911438,
      0.5407736301422119,
      0.519692063331604,
      0.5716406106948853,
      0.5804696679115295,
      0.45494088530540466
    ]
  },
  "hyperparams": {
    "model_type": "OneShotLstmBased",
    "timesteps": 200,
    "latent_dim": 100,
    "dropout": 0.3,
    "batch_size": 32,
    "lr": 0.001
  },
  "timestamp": "20250720_031947"
}
